<?xml version="1.0" encoding="UTF-8"?>
<credentialsFile>
    <credentials>
        <user>admin</user>
        <pwd>axxeptaForZeiss2019</pwd>
    </credentials>
    <credentials>
        <user>kschrempp</user>
        <pwd>kaoapliurt</pwd>
    </credentials>
    <credentials>
        <user>tlaidler</user>
        <pwd>xmaawdzusf</pwd>
    </credentials>
    <credentials>
        <user>aeichhorn</user>
        <pwd>trgsmnppow</pwd>
    </credentials>
    <credentials>
        <user>harya</user>
        <pwd>gtqnejnaqf</pwd>
    </credentials>
    <credentials>
        <user>tmeier</user>
        <pwd>mUqbKBynvK</pwd>
    </credentials>
    <credentials>
        <user>motto</user>
        <pwd>KxoHvtxJRF</pwd>
    </credentials>
    <credentials>
        <user>tsander</user>
        <pwd>ErEKyhUtDr</pwd>
    </credentials>
    <credentials>
        <user>jschmid</user>
        <pwd>KxoHyBynvK</pwd>
    </credentials>
</credentialsFile>
